<?xml version="1.0" encoding="UTF-8"?>
<jasperReport xmlns="http://jasperreports.sourceforge.net/jasperreports" xmlns:xsi="http://www.w3.org/2001/XMLSchema-instance" xsi:schemaLocation="http://jasperreports.sourceforge.net/jasperreports http://jasperreports.sourceforge.net/xsd/jasperreport.xsd" name="relcidadao" pageWidth="595" pageHeight="842" columnWidth="525" leftMargin="45" rightMargin="25" topMargin="20" bottomMargin="12" uuid="7181e925-eee1-4887-be3b-53b9bdc48e37">
	<property name="ireport.zoom" value="1.366026910730141"/>
	<property name="ireport.x" value="0"/>
	<property name="ireport.y" value="1152"/>
	<parameter name="SUBREPORT_DIR" class="java.lang.String" isForPrompting="false">
		<defaultValueExpression><![CDATA[""]]></defaultValueExpression>
	</parameter>
	<queryString language="hql">
		<![CDATA[From Cidadao c  where c.cpf = '09389711000174']]>
	</queryString>
	<field name="ano" class="java.lang.Integer"/>
	<field name="anodemanda" class="java.lang.Integer"/>
	<field name="apelido" class="java.lang.String"/>
	<field name="associados" class="java.util.List"/>
	<field name="atividade" class="java.lang.String"/>
	<field name="atividadeTotal" class="java.lang.Double"/>
	<field name="beneficioSocial" class="java.lang.String"/>
	<field name="beneficiohabitacional" class="java.lang.String"/>
	<field name="benstatus" class="entity.mci.enumerator.EnumStatusBeneficio"/>
	<field name="cidAtividades" class="java.util.List"/>
	<field name="cidBenHabits" class="java.util.List"/>
	<field name="cidbBenSociais" class="java.util.List"/>
	<field name="cidbensduraveis" class="java.util.List"/>
	<field name="complemento" class="java.lang.String"/>
	<field name="cpf" class="java.lang.String"/>
	<field name="curso" class="java.lang.String"/>
	<field name="cursos" class="java.util.List"/>
	<field name="cursosSecretarias" class="java.util.List"/>
	<field name="cursosecr" class="java.lang.String"/>
	<field name="datacreated" class="java.util.Date"/>
	<field name="datanasc" class="java.util.Date"/>
	<field name="dataupdate" class="java.util.Date"/>
	<field name="dependentes" class="java.util.List"/>
	<field name="despesas" class="java.util.List"/>
	<field name="despesasTotal" class="java.lang.Double"/>
	<field name="endereco" class="entity.Endereco"/>
	<field name="equipamento" class="java.lang.String"/>
	<field name="equipamentosproprios" class="java.util.List"/>
	<field name="equipamentossecretarias" class="java.util.List"/>
	<field name="equipsecr" class="java.lang.String"/>
	<field name="escolaridade" class="entity.mci.Escolaridade"/>
	<field name="estadocivil" class="entity.mci.EstadoCivil"/>
	<field name="expedidor" class="java.lang.String"/>
	<field name="histdomicilio" class="java.util.List"/>
	<field name="id" class="java.lang.Integer"/>
	<field name="idade" class="java.lang.Integer"/>
	<field name="instituicao" class="java.lang.String"/>
	<field name="naturalidade" class="entity.Cidade"/>
	<field name="necespecial" class="entity.mci.NecEspecial"/>
	<field name="nis" class="java.lang.Long"/>
	<field name="nome" class="java.lang.String"/>
	<field name="numero" class="java.lang.String"/>
	<field name="publico" class="entity.mci.Publico"/>
	<field name="ramoempreendimento" class="entity.mci.RamoEmpreendimento"/>
	<field name="representante" class="entity.mci.Cidadao"/>
	<field name="resumo" class="java.lang.String"/>
	<field name="rg" class="java.lang.String"/>
	<field name="sexo" class="java.lang.String"/>
	<field name="situacao" class="java.lang.String"/>
	<field name="statuscid" class="entity.mci.enumerator.EnumStatusCid"/>
	<field name="telefones" class="java.util.List"/>
	<field name="tempomorada" class="java.lang.String"/>
	<field name="tipopessoa" class="entity.mci.enumerator.EnumTipoPessoa"/>
	<field name="trabFuncao" class="java.lang.String"/>
	<field name="trabLocal" class="java.lang.String"/>
	<field name="trabRem" class="java.lang.Double"/>
	<field name="usuario" class="entity.Usuario"/>
	<background>
		<band splitType="Stretch"/>
	</background>
	<pageHeader>
		<band height="56">
			<staticText>
				<reportElement x="312" y="18" width="213" height="12" uuid="dd88835d-606e-4c21-a8cd-a6add7901c5c"/>
				<textElement textAlignment="Right" verticalAlignment="Middle" markup="styled">
					<font fontName="Times New Roman" size="10" isBold="true" isPdfEmbedded="true"/>
					<paragraph lineSpacing="1_1_2"/>
				</textElement>
				<text><![CDATA[GOVERNO DO ESTADO DO ACRE]]></text>
			</staticText>
			<staticText>
				<reportElement x="265" y="30" width="260" height="12" uuid="b7dc7356-556d-4b6e-bc70-949a97c039c4"/>
				<textElement textAlignment="Right" verticalAlignment="Middle" markup="styled">
					<font fontName="Times New Roman" size="10" isBold="true" isPdfEmbedded="true"/>
					<paragraph lineSpacing="1_1_2"/>
				</textElement>
				<text><![CDATA[SECRETARIA DE ESTADO DE PEQUENOS NEGÓCIOS]]></text>
			</staticText>
			<staticText>
				<reportElement x="70" y="7" width="87" height="35" uuid="aedfc5f0-d125-47e3-9d59-fadb86b761a4"/>
				<textElement verticalAlignment="Middle" markup="styled">
					<font fontName="Times New Roman" size="30" isBold="true" isPdfEmbedded="true"/>
					<paragraph lineSpacing="1_1_2"/>
				</textElement>
				<text><![CDATA[SEPN]]></text>
			</staticText>
			<image>
				<reportElement x="3" y="2" width="67" height="54" uuid="64bd16a2-afb7-4bfe-a386-7a41612a970c"/>
				<imageExpression><![CDATA["brasao_4.jpg"]]></imageExpression>
			</image>
		</band>
	</pageHeader>
	<detail>
		<band height="67">
			<textField isStretchWithOverflow="true">
				<reportElement x="245" y="21" width="279" height="30" uuid="4e024a32-29db-4f94-a214-a699205d39ac"/>
				<textElement textAlignment="Justified" verticalAlignment="Top" markup="none">
					<font fontName="Times New Roman" size="8" isBold="true" isPdfEmbedded="true"/>
					<paragraph lineSpacing="Single"/>
				</textElement>
				<textFieldExpression><![CDATA["TERMO DE PERMISSÃO DE USO QUE ENTRE SI CELEBRAM DE UM LADO O ESTADO DO ACRE, ATRAVÉS DA SECRETARIA DE ESTADO DE PEQUENOS NEGÓCIOS, E DE OUTRO LADO " + $F{nome}.trim() + " ."]]></textFieldExpression>
			</textField>
			<staticText>
				<reportElement x="1" y="0" width="525" height="12" uuid="3e0bb807-39f2-4a47-8604-f5a81d02f713"/>
				<box>
					<bottomPen lineWidth="0.0"/>
				</box>
				<textElement textAlignment="Center" verticalAlignment="Middle" markup="styled">
					<font fontName="Times New Roman" size="10" isBold="true" isPdfEmbedded="true"/>
					<paragraph lineSpacing="1_1_2"/>
				</textElement>
				<text><![CDATA[TERMO DE PERMISSÃO DE USO DE BENS MÓVEIS Nº]]></text>
			</staticText>
		</band>
		<band height="105">
			<textField isStretchWithOverflow="true">
				<reportElement x="0" y="0" width="525" height="100" uuid="951df82a-569f-4c06-ae0c-bb5a0b10e838"/>
				<textElement textAlignment="Justified" verticalAlignment="Middle" markup="styled">
					<font fontName="Times New Roman" size="8" pdfFontName="Times-Roman" isPdfEmbedded="true"/>
					<paragraph lineSpacing="1_1_2" tabStopWidth="5"/>
				</textElement>
				<textFieldExpression><![CDATA["<style isBold='true' >O ESTADO DO ACRE</style>, através da <style isBold='true' >SECRETARIA DE ESTADO DE PEQUENOS NEGÓCIOS-ACRE</style>, pessoa jurídica de direito público, CNPJ/MF nº. 13.127.442/0001-45, com sede na Avenida Getúlio Vargas,748 – Centro – nesta Capital, neste ato regularmente representada pelo Secretário de Estado de Pequenos Negócios a Senhora <style isBold='true' >HENRY ANTÔNIO SILVA NOGUEIRA</style> nomeado pelo Decreto Estadual nº 013/2015,, residente e domiciliada em Rio Branco–Acre, doravante  denominado <style isBold='true' >PERMITENTE</style>, do outro lado <style isBold='true' >"+$F{nome}+"</style>, CNPJ nº "+$F{cpf}+", localizada no Município de "+$F{endereco}.getBairro().getCidade().getNome()+" - "+$F{endereco}.getBairro().getCidade().getEstado().getSigla()+", na "+$F{endereco}.getLogradouro()+", nº "+$F{numero}+", bairro "+$F{endereco}.getBairro().getNome()+", doravante denominado(a) <style isBold='true' >PERMISSIONÁRIO</style>, representado(a) por <style isBold='true'> "+$F{representante}.getNome()+"</style>, brasileiro(a), portador(a) do RG nº "+$F{representante}.getRg()+"/"+$F{representante}.getExpedidor()+", CPF nº "+$F{representante}.getCpf()+" residente e domiciliado(a) no Município de "+$F{representante}.getEndereco().getBairro().getCidade().getNome()+" - "+$F{representante}.getEndereco().getBairro().getCidade().getEstado().getSigla()+", na "+$F{endereco}.getLogradouro()+", nº "+$F{numero}+", bairro "+$F{endereco}.getBairro().getNome()+",  resolvem celebrar o presente <style isBold='true' >TERMO DE PERMISSÃO DE USO DE BENS MÓVEIS</style>, mediante as cláusulas e condições a seguir:"]]></textFieldExpression>
			</textField>
		</band>
		<band height="37">
			<textField isStretchWithOverflow="true">
				<reportElement x="0" y="0" width="525" height="35" uuid="dc494328-2329-4051-8a91-8849dbc47098"/>
				<textElement textAlignment="Justified" verticalAlignment="Top" markup="styled">
					<font fontName="Times New Roman" size="8" isPdfEmbedded="true"/>
					<paragraph lineSpacing="1_1_2" tabStopWidth="5"/>
				</textElement>
				<textFieldExpression><![CDATA["<style isBold='true' >CLÁUSULA PRIMEIRA -  DO OBJETIVO:</style> O presente Termo tem por objetivo a permissão de uso dos equipamentos usados/danificados adquiridos através de Recursos Próprios discriminados no <style isBold='true' >Anexo I</style>, para promover o desenvolvimento da atividade coletiva, visando à criação e fortalecimento de empreendimentos coletivos na zona urbana e rural da capital e interior do Estado."]]></textFieldExpression>
			</textField>
		</band>
		<band height="45">
			<textField isStretchWithOverflow="true">
				<reportElement x="0" y="0" width="525" height="40" uuid="dc494328-2329-4051-8a91-8849dbc47098"/>
				<textElement textAlignment="Justified" verticalAlignment="Top" markup="styled">
					<font fontName="Times New Roman" size="8" isPdfEmbedded="true"/>
					<paragraph lineSpacing="1_1_2" tabStopWidth="5"/>
				</textElement>
				<textFieldExpression><![CDATA["<style isBold='true' >CLÁUSULA SEGUNDA - DA FINALIDADE: </style> Os bens móveis objeto desta permissão de uso, adquiridos pelo valor descrito no Anexo I, se destinarão exclusivamente para o desenvolvimento da atividade(s) de "+$F{ramoempreendimento}.getNome()+"  do empreendimento coletivo acima qualificado, inserido no projeto de apoio ao aumento da capacidade produtiva, especificamente no município de "+$F{endereco}.getBairro().getCidade().getNome()+" - "+$F{endereco}.getBairro().getCidade().getEstado().getSigla()+", sendo vedada a sua utilização para quaisquer outros fins, sob pena de rescisão do presente Termo de Permissão de Uso."]]></textFieldExpression>
			</textField>
		</band>
		<band height="508">
			<staticText>
				<reportElement x="0" y="466" width="525" height="35" uuid="6cbba7e5-80a5-474a-a2ac-e575e9244238"/>
				<textElement textAlignment="Justified" verticalAlignment="Middle">
					<font fontName="Times New Roman" size="8"/>
					<paragraph lineSpacing="1_1_2"/>
				</textElement>
				<text><![CDATA[O Permissionário reconhece o caráter precário da presente permissão e obriga-se a devolver os móveis e restituí-los ao Permitente, nas condições em que lhe foram entregues, no prazo de 30 (trinta) dias, contados do aviso que lhe for dirigido, sem necessidade de qualquer interpelação ou notificação judicial, sob pena de  busca compulsória, por via administrativa.
]]></text>
			</staticText>
			<staticText>
				<reportElement x="0" y="452" width="525" height="12" uuid="0d7a0ca9-c47c-4238-8080-f87cb794c614"/>
				<textElement verticalAlignment="Bottom">
					<font fontName="Times New Roman" size="8" isBold="true"/>
				</textElement>
				<text><![CDATA[CLÁUSULA SÉTIMA – DA RESTITUIÇÃO DO BEM]]></text>
			</staticText>
			<staticText>
				<reportElement x="0" y="397" width="525" height="12" uuid="0d7a0ca9-c47c-4238-8080-f87cb794c614"/>
				<textElement verticalAlignment="Middle">
					<font fontName="Times New Roman" size="8" isBold="true"/>
				</textElement>
				<text><![CDATA[CLÁUSULA SEXTA – DA RESCISÃO]]></text>
			</staticText>
			<staticText>
				<reportElement x="0" y="353" width="525" height="12" uuid="0d7a0ca9-c47c-4238-8080-f87cb794c614"/>
				<textElement verticalAlignment="Middle">
					<font fontName="Times New Roman" size="8" isBold="true"/>
				</textElement>
				<text><![CDATA[O PERMITENTE obriga-se a:]]></text>
			</staticText>
			<staticText>
				<reportElement x="0" y="366" width="525" height="30" uuid="6cbba7e5-80a5-474a-a2ac-e575e9244238"/>
				<textElement textAlignment="Justified">
					<font fontName="Times New Roman" size="8"/>
					<paragraph lineSpacing="1_1_2"/>
				</textElement>
				<text><![CDATA[I – autorizar a utilização do bem móvel para que sejam desenvolvidas as atividades definidas neste Termo;
II – fiscalizar a execução deste Termo, podendo solicitar informações e exigir providências necessárias ao seu bom cumprimento.]]></text>
			</staticText>
			<staticText>
				<reportElement x="0" y="250" width="525" height="100" uuid="6cbba7e5-80a5-474a-a2ac-e575e9244238"/>
				<textElement textAlignment="Justified">
					<font fontName="Times New Roman" size="8"/>
					<paragraph lineSpacing="1_1_2"/>
				</textElement>
				<text><![CDATA[I – participar de cursos de capacitação promovidos pela Secretaria de Estado de Pequenos Negócios em parceria com outras instituições;
II – manter banco de dados atualizado com informações de todos os integrantes do empreendimento;
III – manter registro de informações financeiras do empreendimento tais como: entradas e saídas, exemplo livro caixa;
IV – procurar desenvolver a produção e a comercialização de forma coletiva dos produtos e serviços oferecidos pelo permissionário;
V – dispor de condições de trabalho salutares e seguras para seus integrantes;
VI – não utilização de mão-de-obra infantil ou escrava;
VII – praticar preços justos, sem maximização de lucros nem busca de acumulação de capital;
VIII – buscar a proteção do meio ambiente e a todas as formas de vida.
]]></text>
			</staticText>
			<staticText>
				<reportElement x="0" y="97" width="525" height="140" uuid="3435d043-030d-4321-abcf-7b3591afd620"/>
				<textElement textAlignment="Justified" verticalAlignment="Top" markup="none">
					<font fontName="Times New Roman" size="8"/>
					<paragraph lineSpacing="1_1_2"/>
				</textElement>
				<text><![CDATA[I – utilizar os bens exclusivamente para os fins previstos neste Termo, devendo instalá-los em local apropriado e que ofereça condições técnicas e necessárias a sua correta utilização;
II – não alienar, arrendar, locar ou emprestar a terceiros, no todo ou em parte, inclusive a seus eventuais sucessores, salvo expressa e prévia anuência;
III – responsabilizar-se por qualquer dano ocasionado pelo uso indevido dos bens previstos neste Termo, obrigando-se pela conservação, limpeza e a boa manutenção dos mesmos, que deverá ser feita sempre em rede autorizada, devendo comunicar formalmente ao Permitente em até 48hs antes da prestação de serviço;
IV – não praticar, nem permitir que se pratiquem atos predatórios e de comercialização contra o objeto deste Termo;
V – responder cível, jurídica e administrativamente, por danos ou prejuízos causados à Administração ou a terceiros por si, seus prepostos e empregados;
VI – permitir que a Secretaria de Estado de Pequenos Negócios divulgue sua imagem (fotos, vídeos, etc) em cartazes, banners, outdoors e outras mídias existentes todos os trabalhos realizados por esta Secretaria, desde a prospecção ou cadastro dos beneficiários até o posterior processo de acompanhamento realizado pela SEPN.]]></text>
			</staticText>
			<staticText>
				<reportElement x="0" y="237" width="525" height="12" uuid="0d7a0ca9-c47c-4238-8080-f87cb794c614"/>
				<textElement verticalAlignment="Middle">
					<font fontName="Times New Roman" size="8" isBold="true"/>
				</textElement>
				<text><![CDATA[COMPROMISSOS/CONDICIONALIDADES:]]></text>
			</staticText>
			<textField isStretchWithOverflow="true">
				<reportElement x="0" y="84" width="525" height="12" uuid="b6daff50-66f1-48be-850a-db8ecd5ed551"/>
				<textElement textAlignment="Justified" verticalAlignment="Middle" markup="styled">
					<font fontName="Times New Roman" size="8" isBold="false"/>
				</textElement>
				<textFieldExpression><![CDATA["O <style isBold='true' >PERMISSIONÁRIO</style> é obrigado a:"]]></textFieldExpression>
			</textField>
			<staticText>
				<reportElement x="0" y="71" width="525" height="12" uuid="58505ad8-abb8-4938-bcc1-8ad1f6c33ab1"/>
				<textElement verticalAlignment="Bottom" markup="none">
					<font fontName="Times New Roman" size="8" isBold="true"/>
				</textElement>
				<text><![CDATA[CLÁUSULA QUINTA – DAS OBRIGAÇÕES:]]></text>
			</staticText>
			<textField isStretchWithOverflow="true">
				<reportElement x="0" y="40" width="525" height="30" uuid="02532052-7fb0-4bbc-b0d9-47aebf14bee3"/>
				<textElement textAlignment="Justified" verticalAlignment="Middle" markup="styled">
					<font fontName="Times New Roman" size="8" isBold="false" isPdfEmbedded="true"/>
					<paragraph lineSpacing="1_1_2"/>
				</textElement>
				<textFieldExpression><![CDATA["<style isBold='true' >CLÁUSULA QUARTA - DA GRATUIDADE:</style> A Permissão de Uso objeto do presente Termo se operará a título precário e gratuito, obrigando-se o PERMISSIONÁRIO a utilizá-los no ramo de atividade descrito neste termo."]]></textFieldExpression>
			</textField>
			<textField isStretchWithOverflow="true">
				<reportElement x="0" y="11" width="525" height="30" uuid="20b2c08a-2ae8-452b-be2c-25dd6b525ec0"/>
				<textElement textAlignment="Justified" verticalAlignment="Middle" markup="styled">
					<font fontName="Times New Roman" size="8" isBold="false" isPdfEmbedded="false"/>
					<paragraph lineSpacing="1_1_2"/>
				</textElement>
				<textFieldExpression><![CDATA["<style isBold='true' >SUBCLAUSULA ÚNICA</style> - O prazo previsto no  <style isItalic='true' >caput</style> desta Cláusula poderá ser prorrogado automaticamente por um período igual, mediante aditamento, caso haja interesse das partes."]]></textFieldExpression>
			</textField>
			<textField isStretchWithOverflow="true">
				<reportElement x="0" y="0" width="525" height="10" uuid="13f75ea9-fae4-475a-967b-207a007dd0a9"/>
				<textElement textAlignment="Justified" verticalAlignment="Top" markup="styled">
					<font fontName="Times New Roman" size="8" isBold="false"/>
					<paragraph lineSpacing="1_1_2"/>
				</textElement>
				<textFieldExpression><![CDATA["<style isBold='true' >CLÁUSULA TERCEIRA - DA VIGÊNCIA: </style> O presente Termo de Permissão terá validade por 2 anos."]]></textFieldExpression>
			</textField>
			<break>
				<reportElement isPrintRepeatedValues="false" x="0" y="450" width="496" height="1" uuid="5ad3d14e-d39c-4b5b-9c51-d3754ef51d03"/>
			</break>
			<staticText>
				<reportElement x="0" y="410" width="525" height="40" uuid="0dd856d1-5519-402d-a553-a71475f12f8b"/>
				<textElement textAlignment="Justified" verticalAlignment="Middle">
					<font fontName="Times New Roman" size="8"/>
					<paragraph lineSpacing="1_1_2"/>
				</textElement>
				<text><![CDATA[I – por convergência de interesses entre as partes contratantes, desde que notificado com antecedência mínima de 30 (trinta) dias;
II – unilateralmente a cargo do Permitente, desde que não ocorra o fiel cumprimento desta permissão, com a notificação prévia do Permissionário para efetuar a devolução, devendo o bem ser devolvido em bom estado de uso e conservação, sob pena de ser ressarcido o valor correspondente devidamente atualizado.]]></text>
			</staticText>
		</band>
		<band height="623">
			<staticText>
				<reportElement x="0" y="118" width="525" height="30" uuid="6cbba7e5-80a5-474a-a2ac-e575e9244238"/>
				<textElement textAlignment="Justified">
					<font fontName="Times New Roman" size="8"/>
					<paragraph lineSpacing="1_1_2"/>
				</textElement>
				<text><![CDATA[O Permitente não será responsável, a qualquer título, por quaisquer danos ou indenizações a terceiros, em decorrência de ato do Permissionário ou de seus empregados, subordinados, prepostos ou contratantes.]]></text>
			</staticText>
			<staticText>
				<reportElement x="0" y="106" width="525" height="12" uuid="0d7a0ca9-c47c-4238-8080-f87cb794c614"/>
				<textElement verticalAlignment="Middle">
					<font fontName="Times New Roman" size="8" isBold="true"/>
				</textElement>
				<text><![CDATA[CLÁUSULA OITAVA – DOS DANOS]]></text>
			</staticText>
			<staticText>
				<reportElement x="-1" y="148" width="525" height="12" uuid="0d7a0ca9-c47c-4238-8080-f87cb794c614"/>
				<textElement verticalAlignment="Middle">
					<font fontName="Times New Roman" size="8" isBold="true"/>
				</textElement>
				<text><![CDATA[CLÁUSULA NONA – DA ALTERAÇÃO]]></text>
			</staticText>
			<staticText>
				<reportElement x="0" y="160" width="525" height="30" uuid="6cbba7e5-80a5-474a-a2ac-e575e9244238"/>
				<textElement textAlignment="Justified">
					<font fontName="Times New Roman" size="8"/>
					<paragraph lineSpacing="1_1_2"/>
				</textElement>
				<text><![CDATA[Este Termo de Permissão de Uso poderá ser modificado quanto à sua abrangência ou conteúdo, por iniciativa de qualquer uma das partes signatárias, mediante Termo Aditivo por elas assinados e com a aprovação prévia e por escrito do PERMITENTE.]]></text>
			</staticText>
			<staticText>
				<reportElement x="0" y="201" width="525" height="12" uuid="6cbba7e5-80a5-474a-a2ac-e575e9244238"/>
				<textElement textAlignment="Justified">
					<font fontName="Times New Roman" size="8"/>
					<paragraph lineSpacing="1_1_2"/>
				</textElement>
				<text><![CDATA[Os resultados obtidos pela realização do projeto serão revertidos em prol do PERMISSIONÁRIO. ]]></text>
			</staticText>
			<staticText>
				<reportElement x="0" y="189" width="525" height="12" uuid="0d7a0ca9-c47c-4238-8080-f87cb794c614"/>
				<textElement verticalAlignment="Middle">
					<font fontName="Times New Roman" size="8" isBold="true"/>
				</textElement>
				<text><![CDATA[CLÁUSULA DÉCIMA – DOS RESULTADOS]]></text>
			</staticText>
			<staticText>
				<reportElement x="0" y="214" width="525" height="12" uuid="0d7a0ca9-c47c-4238-8080-f87cb794c614"/>
				<textElement verticalAlignment="Middle">
					<font fontName="Times New Roman" size="8" isBold="true"/>
				</textElement>
				<text><![CDATA[CLÁUSULA DÉCIMA PRIMEIRA – DO FORO]]></text>
			</staticText>
			<staticText>
				<reportElement x="0" y="227" width="525" height="12" uuid="6cbba7e5-80a5-474a-a2ac-e575e9244238"/>
				<textElement textAlignment="Justified" verticalAlignment="Middle">
					<font fontName="Times New Roman" size="8"/>
					<paragraph lineSpacing="1_1_2"/>
				</textElement>
				<text><![CDATA[Elege-se o foro da Comarca de Rio Branco/AC para dirimir quaisquer dúvidas sobre o presente Termo.]]></text>
			</staticText>
			<textField>
				<reportElement x="0" y="271" width="526" height="15" uuid="ee2451e3-d340-4269-b382-29af28c31814"/>
				<textElement textAlignment="Right" verticalAlignment="Middle" markup="none">
					<font fontName="Times New Roman" size="8" isPdfEmbedded="true"/>
					<paragraph lineSpacing="1_1_2"/>
				</textElement>
				<textFieldExpression><![CDATA[$F{endereco}.getBairro().getCidade().getNome()+",_______de______________________________ de ___________."]]></textFieldExpression>
			</textField>
			<staticText>
				<reportElement x="0" y="381" width="525" height="30" uuid="6cbba7e5-80a5-474a-a2ac-e575e9244238"/>
				<textElement textAlignment="Center" verticalAlignment="Middle">
					<font fontName="Times New Roman" size="8" isBold="true" isPdfEmbedded="true"/>
					<paragraph lineSpacing="Single"/>
				</textElement>
				<text><![CDATA[Henry Antônio Silva Nogueira
Secretária de Estado de Pequenos Negócios
Permitente
]]></text>
			</staticText>
			<staticText>
				<reportElement x="1" y="487" width="525" height="12" uuid="6cbba7e5-80a5-474a-a2ac-e575e9244238"/>
				<textElement textAlignment="Center" verticalAlignment="Middle">
					<font fontName="Times New Roman" size="10" isBold="true" isPdfEmbedded="true"/>
					<paragraph lineSpacing="1_1_2"/>
				</textElement>
				<text><![CDATA[Permissionáro(a)]]></text>
			</staticText>
			<textField>
				<reportElement x="1" y="476" width="525" height="12" uuid="f55de548-3d40-47db-be60-3893569d80b2"/>
				<textElement textAlignment="Center" verticalAlignment="Middle">
					<font fontName="Times New Roman" size="10" isPdfEmbedded="true"/>
				</textElement>
				<textFieldExpression><![CDATA[$F{nome}]]></textFieldExpression>
			</textField>
			<staticText>
				<reportElement x="0" y="541" width="100" height="12" uuid="15cf7f6e-03c5-43bb-9f70-f1ff07d42f51"/>
				<textElement>
					<font fontName="Times New Roman" size="8" isPdfEmbedded="true"/>
				</textElement>
				<text><![CDATA[Testemunhas:]]></text>
			</staticText>
			<staticText>
				<reportElement x="0" y="563" width="526" height="20" uuid="15cf7f6e-03c5-43bb-9f70-f1ff07d42f51"/>
				<textElement verticalAlignment="Middle">
					<font fontName="Times New Roman" size="10" isPdfEmbedded="true"/>
				</textElement>
				<text><![CDATA[1)_________________________________________________ ]]></text>
			</staticText>
			<staticText>
				<reportElement x="0" y="76" width="525" height="30" uuid="6cbba7e5-80a5-474a-a2ac-e575e9244238"/>
				<textElement textAlignment="Justified" markup="styled">
					<font fontName="Times New Roman" size="8"/>
					<paragraph lineSpacing="1_1_2"/>
				</textElement>
				<text><![CDATA[<style isBold='true' >SUBCLAUSULA TERCEIRA - </style>Findo o prazo da permissão de uso, ou nas hipóteses das Subcláusulas anteriores da presente Cláusula, as benfeitorias existentes incorporar-se-ão aos móveis, sem direito a qualquer indenização.]]></text>
			</staticText>
			<staticText>
				<reportElement x="0" y="46" width="525" height="30" uuid="6cbba7e5-80a5-474a-a2ac-e575e9244238"/>
				<textElement textAlignment="Justified" markup="styled">
					<font fontName="Times New Roman" size="8"/>
					<paragraph lineSpacing="1_1_2"/>
				</textElement>
				<text><![CDATA[<style isBold='true' >SUBCLAUSULA SEGUNDA - </style>A presente PERMISSÃO tornar-se-á nula de pleno direito, independente de interpelação judicial ou extrajudicial, se o Permissionário der outra finalidade aos móveis, revertendo-o ao patrimônio do Permitente.]]></text>
			</staticText>
			<staticText>
				<reportElement x="0" y="1" width="525" height="45" uuid="6cbba7e5-80a5-474a-a2ac-e575e9244238"/>
				<textElement textAlignment="Justified" markup="styled">
					<font fontName="Times New Roman" size="8"/>
					<paragraph lineSpacing="1_1_2"/>
				</textElement>
				<text><![CDATA[<style isBold='true' >SUBCLAUSULA PRIMEIRA - </style>Fica terminantemente proibida a retirada do numero do patrimônio e da logomarca do PERMITENTE (SEPN) afixados no bem móvel, bem como cobrir o mesmo, haja vista que se faz necessário que permaneça visível, sob pena de ser responsabilizado civil e criminalmente, além das demais leis aplicáveis ao caso em tela; ]]></text>
			</staticText>
			<staticText>
				<reportElement x="0" y="600" width="526" height="20" uuid="2aa123f1-174b-4ce2-a8e5-70574c14b678"/>
				<textElement verticalAlignment="Middle">
					<font fontName="Times New Roman" size="10" isPdfEmbedded="true"/>
				</textElement>
				<text><![CDATA[2)___________________________________________________]]></text>
			</staticText>
		</band>
		<band height="38">
			<break>
				<reportElement isPrintRepeatedValues="false" x="0" y="1" width="454" height="1" uuid="fd25a564-40c1-4ef1-8900-6f42e2d39c6c"/>
			</break>
			<subreport isUsingCache="false">
				<reportElement isPrintRepeatedValues="false" x="0" y="23" width="524" height="2" uuid="7de6856c-c743-482a-b18d-4e98d15da93e"/>
				<dataSourceExpression><![CDATA[new net.sf.jasperreports.engine.data.JRBeanCollectionDataSource($F{equipamentossecretarias})]]></dataSourceExpression>
				<subreportExpression><![CDATA[$P{SUBREPORT_DIR} + "termo_equipsecr.jasper"]]></subreportExpression>
			</subreport>
		</band>
	</detail>
	<pageFooter>
		<band height="20" splitType="Stretch">
			<staticText>
				<reportElement x="0" y="4" width="524" height="12" uuid="e3299b6c-a90f-47be-bb80-05d2cdadfd06"/>
				<textElement textAlignment="Center" verticalAlignment="Middle">
					<font fontName="Times New Roman" size="8"/>
				</textElement>
				<text><![CDATA[Avenida Getúlio Vargas, nº. 748 – Centro – Rio Branco – AC – sepn@ac.gov.br – (68) 3215-2890-3215-2891]]></text>
			</staticText>
			<line>
				<reportElement x="0" y="0" width="525" height="1" uuid="adf38866-bccd-4555-8d3c-f3724000b759"/>
			</line>
		</band>
	</pageFooter>
</jasperReport>
