<?xml version="1.0" encoding="UTF-8"?>
<jasperReport xmlns="http://jasperreports.sourceforge.net/jasperreports" xmlns:xsi="http://www.w3.org/2001/XMLSchema-instance" xsi:schemaLocation="http://jasperreports.sourceforge.net/jasperreports http://jasperreports.sourceforge.net/xsd/jasperreport.xsd" name="coletivo_novo" language="groovy" pageWidth="595" pageHeight="842" columnWidth="555" leftMargin="20" rightMargin="20" topMargin="20" bottomMargin="20">
	<background>
		<band splitType="Stretch"/>
	</background>
	<title>
		<band height="79" splitType="Stretch"/>
	</title>
	<pageHeader>
		<band height="35" splitType="Stretch"/>
	</pageHeader>
	<columnHeader>
		<band height="61" splitType="Stretch"/>
	</columnHeader>
	<detail>
		<band height="125" splitType="Stretch"/>
	</detail>
	<columnFooter>
		<band height="45" splitType="Stretch"/>
	</columnFooter>
	<pageFooter>
		<band height="54" splitType="Stretch"/>
	</pageFooter>
	<summary>
		<band height="42" splitType="Stretch"/>
	</summary>
</jasperReport>
