<?xml version="1.0" encoding="UTF-8"?>
<jasperReport xmlns="http://jasperreports.sourceforge.net/jasperreports" xmlns:xsi="http://www.w3.org/2001/XMLSchema-instance" xsi:schemaLocation="http://jasperreports.sourceforge.net/jasperreports http://jasperreports.sourceforge.net/xsd/jasperreport.xsd" name="relcidadao" pageWidth="595" pageHeight="842" columnWidth="568" leftMargin="12" rightMargin="15" topMargin="20" bottomMargin="12" uuid="7181e925-eee1-4887-be3b-53b9bdc48e37">
	<property name="ireport.zoom" value="1.3636363636363638"/>
	<property name="ireport.x" value="0"/>
	<property name="ireport.y" value="144"/>
	<style name="columnHeader" fill="Solid" hAlign="Left" vAlign="Middle" pattern="" fontName="SansSerif" fontSize="10" isBold="true" isItalic="false" isUnderline="false" isStrikeThrough="false">
		<pen lineWidth="1.0"/>
		<box leftPadding="2">
			<topPen lineWidth="1.0"/>
			<leftPen lineWidth="1.0"/>
			<rightPen lineWidth="1.0"/>
		</box>
		<paragraph leftIndent="1" rightIndent="1"/>
	</style>
	<style name="fields" backcolor="#000000" hAlign="Left" vAlign="Middle">
		<box leftPadding="2" bottomPadding="0" rightPadding="0">
			<pen lineWidth="1.0"/>
			<topPen lineWidth="0.0"/>
			<leftPen lineWidth="1.0"/>
			<bottomPen lineWidth="1.0"/>
			<rightPen lineWidth="1.0"/>
		</box>
		<paragraph leftIndent="1" rightIndent="1"/>
		<conditionalStyle>
			<conditionExpression><![CDATA[new Boolean(($V{COLUMN_COUNT}.intValue() % 2) == 0)]]></conditionExpression>
			<style mode="Opaque" backcolor="#E3E3E3"/>
		</conditionalStyle>
	</style>
	<parameter name="SUBREPORT_DIR" class="java.lang.String" isForPrompting="false">
		<defaultValueExpression><![CDATA[""]]></defaultValueExpression>
	</parameter>
	<queryString language="hql">
		<![CDATA[from Cidadao c where c.id = 9178]]>
	</queryString>
	<field name="ano" class="java.lang.Integer"/>
	<field name="anodemanda" class="java.lang.Integer"/>
	<field name="apelido" class="java.lang.String"/>
	<field name="associados" class="java.util.List"/>
	<field name="atividade" class="java.lang.String"/>
	<field name="atividadeTotal" class="java.lang.Double"/>
	<field name="beneficioSocial" class="java.lang.String"/>
	<field name="beneficiohabitacional" class="java.lang.String"/>
	<field name="benstatus" class="entity.mci.enumerator.EnumStatusBeneficio"/>
	<field name="cidAtividades" class="java.util.List"/>
	<field name="cidBenHabits" class="java.util.List"/>
	<field name="cidbBenSociais" class="java.util.List"/>
	<field name="cidbensduraveis" class="java.util.List"/>
	<field name="complemento" class="java.lang.String"/>
	<field name="cpf" class="java.lang.String"/>
	<field name="curso" class="java.lang.String"/>
	<field name="cursos" class="java.util.List"/>
	<field name="cursosSecretarias" class="java.util.List"/>
	<field name="cursosecr" class="java.lang.String"/>
	<field name="datacreated" class="java.util.Date"/>
	<field name="datanasc" class="java.util.Date"/>
	<field name="dataupdate" class="java.util.Date"/>
	<field name="dependentes" class="java.util.List"/>
	<field name="despesas" class="java.util.List"/>
	<field name="despesasTotal" class="java.lang.Double"/>
	<field name="endereco" class="entity.Endereco"/>
	<field name="equipamento" class="java.lang.String"/>
	<field name="equipamentosproprios" class="java.util.List"/>
	<field name="equipamentossecretarias" class="java.util.List"/>
	<field name="equipsecr" class="java.lang.String"/>
	<field name="escolaridade" class="entity.mci.Escolaridade"/>
	<field name="estadocivil" class="entity.mci.EstadoCivil"/>
	<field name="expedidor" class="java.lang.String"/>
	<field name="histdomicilio" class="java.util.List"/>
	<field name="id" class="java.lang.Integer"/>
	<field name="idade" class="java.lang.Integer"/>
	<field name="instituicao" class="java.lang.String"/>
	<field name="naturalidade" class="entity.Cidade"/>
	<field name="necespecial" class="entity.mci.NecEspecial"/>
	<field name="nis" class="java.lang.Long"/>
	<field name="nome" class="java.lang.String"/>
	<field name="numero" class="java.lang.String"/>
	<field name="publico" class="entity.mci.Publico"/>
	<field name="ramoempreendimento" class="entity.mci.RamoEmpreendimento"/>
	<field name="representante" class="entity.mci.Cidadao"/>
	<field name="resumo" class="java.lang.String"/>
	<field name="rg" class="java.lang.String"/>
	<field name="sexo" class="java.lang.String"/>
	<field name="situacao" class="java.lang.String"/>
	<field name="statuscid" class="entity.mci.enumerator.EnumStatusCid"/>
	<field name="telefones" class="java.util.List"/>
	<field name="tempomorada" class="java.lang.String"/>
	<field name="tipopessoa" class="entity.mci.enumerator.EnumTipoPessoa"/>
	<field name="trabFuncao" class="java.lang.String"/>
	<field name="trabLocal" class="java.lang.String"/>
	<field name="trabRem" class="java.lang.Double"/>
	<field name="usuario" class="entity.Usuario"/>
	<background>
		<band splitType="Stretch"/>
	</background>
	<pageHeader>
		<band height="64">
			<image>
				<reportElement x="268" y="3" width="32" height="32" uuid="19f1d87c-78d6-4d2e-a4d9-4db6c0e3d9e4"/>
				<imageExpression><![CDATA["brasao2.jpg"]]></imageExpression>
			</image>
			<staticText>
				<reportElement x="0" y="35" width="568" height="11" uuid="dd88835d-606e-4c21-a8cd-a6add7901c5c"/>
				<textElement textAlignment="Center" verticalAlignment="Middle">
					<font fontName="SansSerif" size="8" isBold="true"/>
				</textElement>
				<text><![CDATA[GOVERNO DO ESTADO DO ACRE]]></text>
			</staticText>
			<staticText>
				<reportElement x="0" y="45" width="568" height="11" uuid="b7dc7356-556d-4b6e-bc70-949a97c039c4"/>
				<textElement textAlignment="Center" verticalAlignment="Middle">
					<font fontName="SansSerif" size="8" isBold="true"/>
				</textElement>
				<text><![CDATA[SECRETARIA DE ESTADO DE PEQUENOS NEGÓCIOS]]></text>
			</staticText>
		</band>
	</pageHeader>
	<detail>
		<band height="726">
			<elementGroup/>
			<elementGroup/>
			<staticText>
				<reportElement x="0" y="0" width="568" height="10" uuid="3e0bb807-39f2-4a47-8604-f5a81d02f713"/>
				<box>
					<bottomPen lineWidth="0.0"/>
				</box>
				<textElement textAlignment="Center">
					<font fontName="SansSerif" size="8" isBold="true"/>
				</textElement>
				<text><![CDATA[TERMO DE PERMISSÃO DE USO DE BENS MÓVEIS Nº]]></text>
			</staticText>
			<textField>
				<reportElement x="0" y="40" width="568" height="111" uuid="951df82a-569f-4c06-ae0c-bb5a0b10e838"/>
				<textElement textAlignment="Justified" verticalAlignment="Middle" markup="styled">
					<font fontName="SansSerif" size="8"/>
					<paragraph lineSpacing="1_1_2" tabStopWidth="5"/>
				</textElement>
				<textFieldExpression><![CDATA["<style isBold='true' >O Estado do Acre</style>, através da <style isBold='true' >SECRETARIA DE ESTADO DE PEQUENOS NEGÓCIOS-ACRE</style>, pessoa jurídica de direito público, CNPJ/MF nº. 13.127.442/0001-45, com sede na Avenida Getúlio Vargas,748 – Centro – nesta Capital, neste ato regularmente representada pelo Secretário de Estado de Pequenos Negócios a Senhora <style isBold='true' >HENRY ANTÔNIO SILVA NOGUEIRA</style> nomeado pelo Decreto Estadual nº 013/2015, residente e domiciliado em Rio Branco - Acre, doravante  denominado <style isBold='true' >PERMITENTE</style>, do outro lado <style isBold='true' >"+$F{nome}+"</style> , brasileiro(a), portador(a) do RG nº "+$F{rg}+" "+$F{expedidor}+", CPF nº "+$F{cpf}+", residente e domiciliado(a) no Município de "+$F{endereco}.getBairro().getCidade().getNome()+" - "+$F{endereco}.getBairro().getCidade().getEstado().getSigla()+", na "+$F{endereco}.getLogradouro()+", nº "+$F{numero}+", bairro "+$F{endereco}.getBairro().getNome()+", doravante denominado(a) <style isBold='true' >PERMISSIONÁRIO</style>, resolvem celebrar o presente <style isBold='true' >TERMO DE PERMISSÃO DE USO DE BENS MÓVEIS</style>, mediante as cláusulas e condições a seguir:"]]></textFieldExpression>
			</textField>
			<textField>
				<reportElement x="0" y="149" width="568" height="39" uuid="dc494328-2329-4051-8a91-8849dbc47098"/>
				<textElement textAlignment="Justified" verticalAlignment="Middle" markup="styled">
					<font fontName="SansSerif" size="8"/>
					<paragraph lineSpacing="1_1_2" tabStopWidth="5"/>
				</textElement>
				<textFieldExpression><![CDATA["<style isBold='true' >CLÁUSULA PRIMEIRA -  DO OBJETIVO:</style> O presente Termo tem por objetivo a permissão de uso dos equipamentos discriminados no Anexo I, para promover o desenvolvimento da atividade em grupo, visando à criação e fortalecimento de empreendimentos coletivos na zona urbana e rural da capital e interior do Estado."]]></textFieldExpression>
			</textField>
			<textField>
				<reportElement x="0" y="188" width="568" height="39" uuid="dc494328-2329-4051-8a91-8849dbc47098"/>
				<textElement textAlignment="Justified" verticalAlignment="Middle" markup="styled">
					<font fontName="SansSerif" size="8"/>
					<paragraph lineSpacing="1_1_2" tabStopWidth="5"/>
				</textElement>
				<textFieldExpression><![CDATA["<style isBold='true' >CLÁUSULA SEGUNDA - DA FINALIDADE: </style> Os bens móveis objeto desta permissão de uso, adquiridos pelo valor descrito no Anexo I e no Termo de Transferência, se destinarão exclusivamente para atividades de "+$F{ramoempreendimento}.getNome()+"  do projeto de apoio ao aumento da capacidade produtiva, especificamente no Município de "+$F{endereco}.getBairro().getCidade().getNome()+" - "+$F{endereco}.getBairro().getCidade().getEstado().getSigla()+", sendo vedada a sua utilização para quaisquer outros fins, sob pena de rescisão do presente Termo."]]></textFieldExpression>
			</textField>
			<textField>
				<reportElement x="300" y="14" width="268" height="33" uuid="4e024a32-29db-4f94-a214-a699205d39ac"/>
				<textElement textAlignment="Justified">
					<font size="8" isBold="true"/>
				</textElement>
				<textFieldExpression><![CDATA["TERMO DE PERMISSÃO DE USO QUE ENTRE SI CELEBRAM DE UM LADO O ESTADO DO ACRE, ATRAVÉS DA SECRETARIA DE ESTADO DE PEQUENOS NEGÓCIOS, E DE OUTRO LADO " + $F{nome}.trim() + " ."]]></textFieldExpression>
			</textField>
			<staticText>
				<reportElement x="0" y="228" width="568" height="11" uuid="0d7a0ca9-c47c-4238-8080-f87cb794c614"/>
				<textElement textAlignment="Justified" verticalAlignment="Middle" markup="styled">
					<font fontName="SansSerif" size="8" isBold="false"/>
					<paragraph lineSpacing="1_1_2"/>
				</textElement>
				<text><![CDATA[<style isBold='true' >CLÁUSULA TERCEIRA - DA VIGÊNCIA: </style> O presente Termo de Permissão terá validade por 2 anos.]]></text>
			</staticText>
			<staticText>
				<reportElement x="0" y="240" width="568" height="25" uuid="0d7a0ca9-c47c-4238-8080-f87cb794c614"/>
				<textElement textAlignment="Justified" verticalAlignment="Middle" markup="styled">
					<font fontName="SansSerif" size="8" isBold="false"/>
					<paragraph lineSpacing="1_1_2"/>
				</textElement>
				<text><![CDATA[<style isBold='true' >SUBCLAUSULA ÚNICA</style> - O prazo previsto no  <style isItalic='true' >caput</style> desta Cláusula poderá ser prorrogado, mediante aditamento, caso haja interesse e justificativa pela Administração.]]></text>
			</staticText>
			<staticText>
				<reportElement x="0" y="265" width="568" height="11" uuid="0d7a0ca9-c47c-4238-8080-f87cb794c614"/>
				<textElement textAlignment="Justified" verticalAlignment="Middle" markup="styled">
					<font fontName="SansSerif" size="8" isBold="false"/>
					<paragraph lineSpacing="1_1_2"/>
				</textElement>
				<text><![CDATA[<style isBold='true' >CLÁUSULA QUARTA - DA GRATUIDADE:</style> A PERMISSÃO objeto do presente Termo se operará a titulo gratuito.]]></text>
			</staticText>
			<staticText>
				<reportElement x="0" y="277" width="568" height="11" uuid="0d7a0ca9-c47c-4238-8080-f87cb794c614"/>
				<textElement verticalAlignment="Middle">
					<font fontName="SansSerif" size="8" isBold="true"/>
				</textElement>
				<text><![CDATA[CLÁUSULA QUINTA – DAS OBRIGAÇÕES:]]></text>
			</staticText>
			<staticText>
				<reportElement x="0" y="289" width="568" height="11" uuid="0d7a0ca9-c47c-4238-8080-f87cb794c614"/>
				<box leftPadding="0"/>
				<textElement textAlignment="Justified" verticalAlignment="Middle" markup="styled">
					<font fontName="SansSerif" size="8" isBold="false"/>
				</textElement>
				<text><![CDATA[O <style isBold='true' >PERMISSIONÁRIO</style> é obrigado a:]]></text>
			</staticText>
			<staticText>
				<reportElement x="0" y="439" width="568" height="11" uuid="0d7a0ca9-c47c-4238-8080-f87cb794c614"/>
				<textElement verticalAlignment="Middle">
					<font fontName="SansSerif" size="8" isBold="true"/>
				</textElement>
				<text><![CDATA[COMPROMISSOS/CONDICIONALIDADES:]]></text>
			</staticText>
			<staticText>
				<reportElement x="0" y="452" width="568" height="53" uuid="6cbba7e5-80a5-474a-a2ac-e575e9244238"/>
				<textElement textAlignment="Justified">
					<font fontName="SansSerif" size="8"/>
					<paragraph lineSpacing="1_1_2"/>
				</textElement>
				<text><![CDATA[I – manter atualizado o calendário vacinal, do crescimento e do desenvolvimento dos menores que estiverem sob sua guarda;
II – realizar, quando gestante, ou acompanhar, quando tiver sob sua guarda gestante, pré-natal junto às Unidades de Saúde;
III – manter matriculado na escola com freqüência mínima de 85%, as crianças e adolescentes que estiverem sob sua guarda e responsabilidade;
IV – proporcionar atividades sócio-educativas e de convivência às crianças e adolescentes de até 16 anos de idade;]]></text>
			</staticText>
			<staticText>
				<reportElement x="0" y="519" width="568" height="25" uuid="6cbba7e5-80a5-474a-a2ac-e575e9244238"/>
				<textElement textAlignment="Justified">
					<font fontName="Arial" size="8"/>
					<paragraph lineSpacing="1_1_2"/>
				</textElement>
				<text><![CDATA[I – autorizar a utilização do bem móvel para que sejam desenvolvidas as atividades definidas neste Termo;
II – fiscalizar a execução deste Termo, podendo solicitar informações e exigir providências necessárias ao seu bom cumprimento.]]></text>
			</staticText>
			<staticText>
				<reportElement x="0" y="507" width="568" height="11" uuid="0d7a0ca9-c47c-4238-8080-f87cb794c614"/>
				<textElement verticalAlignment="Middle">
					<font fontName="SansSerif" size="8" isBold="true"/>
				</textElement>
				<text><![CDATA[O PERMITENTE obriga-se a:]]></text>
			</staticText>
			<staticText>
				<reportElement x="0" y="545" width="568" height="11" uuid="0d7a0ca9-c47c-4238-8080-f87cb794c614"/>
				<textElement verticalAlignment="Middle">
					<font fontName="SansSerif" size="8" isBold="true"/>
				</textElement>
				<text><![CDATA[CLÁUSULA SEXTA – DA RESCISÃO]]></text>
			</staticText>
			<staticText>
				<reportElement x="0" y="557" width="568" height="48" uuid="6cbba7e5-80a5-474a-a2ac-e575e9244238"/>
				<textElement>
					<font fontName="Arial" size="8"/>
					<paragraph lineSpacing="1_1_2"/>
				</textElement>
				<text><![CDATA[O presente Termo pode ser rescindido:
I – por convergência de interesses entre as partes contratantes, desde que notificado com antecedência mínima de 30 (trinta) dias; ou
II – unilateralmente a cargo do Permitente, desde que não ocorra o fiel cumprimento desta permissão, com a notificação prévia do Permissionário para efetuar a devolução, devendo o bem ser devolvido em bom estado de uso e conservação, sob pena de ser ressarcido o valor correspondente devidamente atualizado.
]]></text>
			</staticText>
			<staticText>
				<reportElement x="0" y="607" width="568" height="11" uuid="0d7a0ca9-c47c-4238-8080-f87cb794c614"/>
				<textElement verticalAlignment="Middle">
					<font fontName="SansSerif" size="8" isBold="true"/>
				</textElement>
				<text><![CDATA[CLÁUSULA SÉTIMA – DA RESTITUIÇÃO DO BEM]]></text>
			</staticText>
			<staticText>
				<reportElement x="0" y="619" width="568" height="36" uuid="6cbba7e5-80a5-474a-a2ac-e575e9244238"/>
				<textElement textAlignment="Justified">
					<font fontName="Arial" size="8"/>
					<paragraph lineSpacing="1_1_2"/>
				</textElement>
				<text><![CDATA[O Permissionário reconhece o caráter precário da presente permissão e obriga-se a devolver os móveis e restituí-los ao Permitente, nas condições em que lhe foram entregues, no prazo de 30 (trinta) dias, contados do aviso que lhe for dirigido, sem necessidade de qualquer interpelação ou notificação judicial, sob pena de  busca compulsória, por via administrativa.
]]></text>
			</staticText>
			<staticText>
				<reportElement x="0" y="301" width="568" height="137" uuid="8143062f-8ac5-4f45-a3d8-379548a3e3b4"/>
				<textElement textAlignment="Justified" verticalAlignment="Middle" markup="none">
					<font fontName="SansSerif" size="8"/>
					<paragraph lineSpacing="1_1_2"/>
				</textElement>
				<text><![CDATA[I – utilizar os bens exclusivamente para os fins previstos neste Termo, devendo instalá-los em local apropriado e que ofereça condições técnicas e necessárias a sua correta utilização;
II – não alienar, arrendar, locar ou emprestar a terceiros, no todo ou em parte, inclusive a seus eventuais sucessores, salvo expressa e prévia anuência;
III – responsabilizar-se por qualquer dano ocasionado pelo uso indevido dos bens previstos neste Termo, obrigando-se pela conservação, limpeza e a boa manutenção dos mesmos, que deverá ser feita sempre em rede autorizada, devendo comunicar formalmente ao Permitente em até 48hs antes da prestação de serviço;
IV – não praticar, nem permitir que se pratiquem atos predatórios e de comercialização contra o objeto deste Termo;
V – responder cível, jurídica e administrativamente, por danos ou prejuízos causados à Administração ou a terceiros por si, seus prepostos e empregados;
VI – permitir que a Secretaria de Estado de Pequenos Negócios divulgue sua imagem (fotos, vídeos, etc) em cartazes, banners, outdoors e outras mídias existentes todos os trabalhos realizados por esta Secretaria, desde a prospecção ou cadastro dos beneficiários até o posterior processo de acompanhamento realizado pela SEPN.
]]></text>
			</staticText>
			<staticText>
				<reportElement x="0" y="656" width="568" height="39" uuid="6cbba7e5-80a5-474a-a2ac-e575e9244238"/>
				<textElement textAlignment="Justified" markup="styled">
					<font fontName="SansSerif" size="8"/>
					<paragraph lineSpacing="1_1_2"/>
				</textElement>
				<text><![CDATA[<style isBold='true' >SUBCLAUSULA PRIMEIRA - </style>Fica terminantemente proibida a retirada do numero do patrimônio e da logomarca do PERMITENTE (SEPN) afixados no bem móvel, bem como cobrir o mesmo, haja vista que se faz necessário que permaneça visível, sob pena de ser responsabilizado civil e criminalmente, além das demais leis aplicáveis ao caso em tela; ]]></text>
			</staticText>
			<staticText>
				<reportElement x="1" y="695" width="568" height="25" uuid="6cbba7e5-80a5-474a-a2ac-e575e9244238"/>
				<textElement textAlignment="Justified" markup="styled">
					<font fontName="SansSerif" size="8"/>
					<paragraph lineSpacing="1_1_2"/>
				</textElement>
				<text><![CDATA[<style isBold='true' >SUBCLAUSULA SEGUNDA - </style>A presente PERMISSÃO tornar-se-á nula de pleno direito, independente de interpelação judicial ou extrajudicial, se o Permissionário der outra finalidade aos móveis, revertendo-o ao patrimônio do Permitente.]]></text>
			</staticText>
			<break>
				<reportElement isPrintRepeatedValues="false" x="0" y="725" width="565" height="1" uuid="5ad3d14e-d39c-4b5b-9c51-d3754ef51d03"/>
			</break>
		</band>
		<band height="603">
			<staticText>
				<reportElement x="0" y="33" width="568" height="25" uuid="6cbba7e5-80a5-474a-a2ac-e575e9244238"/>
				<textElement textAlignment="Justified">
					<font fontName="SansSerif" size="8"/>
					<paragraph lineSpacing="1_1_2"/>
				</textElement>
				<text><![CDATA[O Permitente não será responsável, a qualquer título, por quaisquer danos ou indenizações a terceiros, em decorrência de ato do Permissionário ou de seus empregados, subordinados, prepostos ou contratantes.]]></text>
			</staticText>
			<staticText>
				<reportElement x="0" y="23" width="567" height="11" uuid="0d7a0ca9-c47c-4238-8080-f87cb794c614"/>
				<textElement verticalAlignment="Middle">
					<font fontName="SansSerif" size="8" isBold="true"/>
				</textElement>
				<text><![CDATA[CLÁUSULA OITAVA – DOS DANOS]]></text>
			</staticText>
			<staticText>
				<reportElement x="0" y="57" width="567" height="11" uuid="0d7a0ca9-c47c-4238-8080-f87cb794c614"/>
				<textElement verticalAlignment="Middle">
					<font fontName="SansSerif" size="8" isBold="true"/>
				</textElement>
				<text><![CDATA[CLÁUSULA NONA – DA ALTERAÇÃO]]></text>
			</staticText>
			<staticText>
				<reportElement x="1" y="67" width="568" height="25" uuid="6cbba7e5-80a5-474a-a2ac-e575e9244238"/>
				<textElement textAlignment="Justified">
					<font fontName="SansSerif" size="8"/>
					<paragraph lineSpacing="1_1_2"/>
				</textElement>
				<text><![CDATA[Este Termo de Permissão de Uso poderá ser modificado quanto à sua abrangência ou conteúdo, por iniciativa de qualquer uma das partes signatárias, mediante Termo Aditivo por elas assinados e com a aprovação prévia e por escrito do PERMITENTE]]></text>
			</staticText>
			<staticText>
				<reportElement x="0" y="101" width="568" height="11" uuid="6cbba7e5-80a5-474a-a2ac-e575e9244238"/>
				<textElement textAlignment="Justified">
					<font fontName="SansSerif" size="8"/>
					<paragraph lineSpacing="1_1_2"/>
				</textElement>
				<text><![CDATA[Os resultados obtidos pela realização do projeto serão revertidos em prol do PERMISSIONÁRIO. ]]></text>
			</staticText>
			<staticText>
				<reportElement x="0" y="91" width="568" height="11" uuid="0d7a0ca9-c47c-4238-8080-f87cb794c614"/>
				<textElement verticalAlignment="Middle">
					<font fontName="SansSerif" size="8" isBold="true"/>
				</textElement>
				<text><![CDATA[CLÁUSULA DÉCIMA – DOS RESULTADOS]]></text>
			</staticText>
			<staticText>
				<reportElement x="0" y="111" width="568" height="11" uuid="0d7a0ca9-c47c-4238-8080-f87cb794c614"/>
				<textElement verticalAlignment="Middle">
					<font fontName="SansSerif" size="8" isBold="true"/>
				</textElement>
				<text><![CDATA[CLÁUSULA DÉCIMA PRIMEIRA – DO FORO]]></text>
			</staticText>
			<staticText>
				<reportElement x="0" y="121" width="568" height="11" uuid="6cbba7e5-80a5-474a-a2ac-e575e9244238"/>
				<textElement textAlignment="Justified" verticalAlignment="Middle">
					<font fontName="SansSerif" size="8"/>
					<paragraph lineSpacing="1_1_2"/>
				</textElement>
				<text><![CDATA[Elege-se o foro da Comarca de Rio Branco/AC para dirimir quaisquer dúvidas sobre o presente Termo.]]></text>
			</staticText>
			<staticText>
				<reportElement x="-1" y="242" width="567" height="15" uuid="6cbba7e5-80a5-474a-a2ac-e575e9244238"/>
				<box rightPadding="0"/>
				<textElement textAlignment="Right" verticalAlignment="Middle">
					<font fontName="Arial" size="8"/>
					<paragraph lineSpacing="1_1_2"/>
				</textElement>
				<text><![CDATA[Rio Branco,_______de______________________________ de ___________.]]></text>
			</staticText>
			<staticText>
				<reportElement x="1" y="283" width="567" height="44" uuid="6cbba7e5-80a5-474a-a2ac-e575e9244238"/>
				<textElement textAlignment="Center" verticalAlignment="Middle">
					<font fontName="Arial" size="8" isBold="true"/>
					<paragraph lineSpacing="1_1_2"/>
				</textElement>
				<text><![CDATA[Henry Antônio Silva Nogueira
Secretária de Estado de Pequenos Negócios
Permitente
]]></text>
			</staticText>
			<staticText>
				<reportElement x="0" y="422" width="567" height="15" uuid="6cbba7e5-80a5-474a-a2ac-e575e9244238"/>
				<textElement textAlignment="Center" verticalAlignment="Middle">
					<font fontName="Arial" size="8" isBold="true"/>
					<paragraph lineSpacing="1_1_2"/>
				</textElement>
				<text><![CDATA[Permissionáro(a)]]></text>
			</staticText>
			<textField>
				<reportElement x="0" y="403" width="567" height="20" uuid="f55de548-3d40-47db-be60-3893569d80b2"/>
				<textElement textAlignment="Center" verticalAlignment="Middle">
					<font size="8"/>
				</textElement>
				<textFieldExpression><![CDATA[$F{nome}]]></textFieldExpression>
			</textField>
			<staticText>
				<reportElement x="2" y="486" width="100" height="12" uuid="15cf7f6e-03c5-43bb-9f70-f1ff07d42f51"/>
				<textElement>
					<font size="8"/>
				</textElement>
				<text><![CDATA[Testemunhas:]]></text>
			</staticText>
			<staticText>
				<reportElement x="2" y="513" width="369" height="20" uuid="15cf7f6e-03c5-43bb-9f70-f1ff07d42f51"/>
				<textElement verticalAlignment="Middle">
					<font size="10"/>
				</textElement>
				<text><![CDATA[1)________________________________________________]]></text>
			</staticText>
			<staticText>
				<reportElement x="2" y="556" width="369" height="20" uuid="15cf7f6e-03c5-43bb-9f70-f1ff07d42f51"/>
				<textElement verticalAlignment="Middle">
					<font size="10"/>
				</textElement>
				<text><![CDATA[2)________________________________________________]]></text>
			</staticText>
			<staticText>
				<reportElement x="0" y="0" width="568" height="25" uuid="6cbba7e5-80a5-474a-a2ac-e575e9244238"/>
				<textElement textAlignment="Justified" markup="styled">
					<font fontName="SansSerif" size="8"/>
					<paragraph lineSpacing="1_1_2"/>
				</textElement>
				<text><![CDATA[<style isBold='true' >SUBCLAUSULA TERCEIRA - </style>Findo o prazo da permissão de uso, ou nas hipóteses das Subcláusulas anteriores da presente Cláusula, as benfeitorias existentes incorporar-se-ão aos móveis, sem direito a qualquer indenização]]></text>
			</staticText>
		</band>
		<band height="100">
			<break>
				<reportElement isPrintRepeatedValues="false" x="0" y="1" width="454" height="1" uuid="fd25a564-40c1-4ef1-8900-6f42e2d39c6c"/>
			</break>
			<subreport>
				<reportElement x="0" y="23" width="568" height="2" uuid="7de6856c-c743-482a-b18d-4e98d15da93e"/>
				<dataSourceExpression><![CDATA[new net.sf.jasperreports.engine.data.JRBeanCollectionDataSource($F{equipamentossecretarias})]]></dataSourceExpression>
				<subreportExpression><![CDATA[$P{SUBREPORT_DIR} + "termo_equipsecr.jasper"]]></subreportExpression>
			</subreport>
		</band>
	</detail>
	<pageFooter>
		<band height="20" splitType="Stretch">
			<staticText>
				<reportElement x="0" y="4" width="567" height="11" uuid="e3299b6c-a90f-47be-bb80-05d2cdadfd06"/>
				<textElement textAlignment="Center" verticalAlignment="Middle">
					<font fontName="Arial" size="8"/>
				</textElement>
				<text><![CDATA[Avenida Getúlio Vargas, nº. 748 – Centro – Rio Branco – AC – sepn@ac.gov.br – (68) 3224-2548/3224-6387]]></text>
			</staticText>
			<line>
				<reportElement x="0" y="0" width="567" height="1" uuid="adf38866-bccd-4555-8d3c-f3724000b759"/>
			</line>
		</band>
	</pageFooter>
</jasperReport>
