<?xml version="1.0" encoding="UTF-8"?>
<jasperReport xmlns="http://jasperreports.sourceforge.net/jasperreports" xmlns:xsi="http://www.w3.org/2001/XMLSchema-instance" xsi:schemaLocation="http://jasperreports.sourceforge.net/jasperreports http://jasperreports.sourceforge.net/xsd/jasperreport.xsd" name="relcidadao_equipsecr" pageWidth="454" pageHeight="802" columnWidth="454" leftMargin="0" rightMargin="0" topMargin="0" bottomMargin="0" uuid="752ad902-e11d-457d-8f1d-bca68d23a591">
	<property name="ireport.zoom" value="1.6105100000000008"/>
	<property name="ireport.x" value="0"/>
	<property name="ireport.y" value="0"/>
	<queryString language="hql">
		<![CDATA[from EquipamentosSecretaria]]>
	</queryString>
	<field name="cidadao" class="entity.mci.Cidadao"/>
	<field name="codgrp" class="java.lang.String"/>
	<field name="dataentrega" class="java.util.Date"/>
	<field name="equipamento" class="entity.mci.Equipamento"/>
	<field name="estado" class="java.lang.String"/>
	<field name="id" class="java.lang.Integer"/>
	<field name="patrimonio" class="java.lang.String"/>
	<field name="quantidade" class="java.lang.Integer"/>
	<field name="tipoequipamento" class="entity.mci.enumerator.EnumTipoEquipamento"/>
	<field name="valor" class="java.lang.Double"/>
	<variable name="totalValor" class="java.lang.Double" resetType="Group" resetGroup="tipoequipamento" calculation="Sum">
		<variableExpression><![CDATA[$F{valor}]]></variableExpression>
	</variable>
	<variable name="totalgeral" class="java.lang.Integer" calculation="Sum">
		<variableExpression><![CDATA[$F{valor}]]></variableExpression>
	</variable>
	<group name="cidadao">
		<groupExpression><![CDATA[$F{cidadao}]]></groupExpression>
		<groupHeader>
			<band/>
		</groupHeader>
		<groupFooter>
			<band height="20">
				<textField pattern="¤ #,##0.00">
					<reportElement uuid="f1acaab8-6117-4633-9f1f-52927829703b" x="378" y="0" width="76" height="20"/>
					<box rightPadding="5">
						<topPen lineWidth="1.0"/>
						<leftPen lineWidth="1.0"/>
						<bottomPen lineWidth="1.0"/>
						<rightPen lineWidth="1.0"/>
					</box>
					<textElement textAlignment="Right" verticalAlignment="Middle"/>
					<textFieldExpression><![CDATA[$V{totalgeral}]]></textFieldExpression>
				</textField>
				<staticText>
					<reportElement uuid="0b175c06-e240-41d0-9bdc-7b341118cf12" x="0" y="0" width="378" height="20"/>
					<box leftPadding="5" rightPadding="10">
						<topPen lineWidth="1.0"/>
						<leftPen lineWidth="1.0"/>
						<bottomPen lineWidth="1.0"/>
						<rightPen lineWidth="1.0"/>
					</box>
					<textElement textAlignment="Right" verticalAlignment="Middle">
						<font isBold="true"/>
					</textElement>
					<text><![CDATA[Total Geral:]]></text>
				</staticText>
			</band>
		</groupFooter>
	</group>
	<group name="tipoequipamento">
		<groupExpression><![CDATA[$F{tipoequipamento}]]></groupExpression>
		<groupHeader>
			<band height="45">
				<staticText>
					<reportElement uuid="4b7fa588-fb59-4904-aebb-84cca8b8ab19" stretchType="RelativeToTallestObject" x="378" y="25" width="76" height="20"/>
					<box leftPadding="5">
						<topPen lineWidth="1.0"/>
						<leftPen lineWidth="1.0"/>
						<bottomPen lineWidth="1.0"/>
						<rightPen lineWidth="1.0"/>
					</box>
					<textElement textAlignment="Center" verticalAlignment="Middle">
						<font isBold="true"/>
					</textElement>
					<text><![CDATA[Valor]]></text>
				</staticText>
				<staticText>
					<reportElement uuid="df0c70ba-24f3-480b-b760-3685d22ebe84" stretchType="RelativeToTallestObject" x="330" y="25" width="48" height="20"/>
					<box leftPadding="5">
						<topPen lineWidth="1.0"/>
						<leftPen lineWidth="1.0"/>
						<bottomPen lineWidth="1.0"/>
						<rightPen lineWidth="1.0"/>
					</box>
					<textElement textAlignment="Center" verticalAlignment="Middle">
						<font isBold="true"/>
					</textElement>
					<text><![CDATA[Estado]]></text>
				</staticText>
				<staticText>
					<reportElement uuid="0b7287a4-ac3b-4dd7-93a2-3c35a408bd7b" stretchType="RelativeToTallestObject" x="267" y="25" width="63" height="20">
						<printWhenExpression><![CDATA[$F{tipoequipamento}.equals(entity.mci.enumerator.EnumTipoEquipamento.PERMANENTE)]]></printWhenExpression>
					</reportElement>
					<box leftPadding="5">
						<topPen lineWidth="1.0"/>
						<leftPen lineWidth="1.0"/>
						<bottomPen lineWidth="1.0"/>
						<rightPen lineWidth="1.0"/>
					</box>
					<textElement textAlignment="Center" verticalAlignment="Middle">
						<font isBold="true"/>
					</textElement>
					<text><![CDATA[Patrimônio]]></text>
				</staticText>
				<staticText>
					<reportElement uuid="b85ece4d-6698-41ae-9174-9ea8639b4834" stretchType="RelativeToTallestObject" x="0" y="25" width="132" height="20"/>
					<box leftPadding="5">
						<topPen lineWidth="1.0"/>
						<leftPen lineWidth="1.0"/>
						<bottomPen lineWidth="1.0"/>
						<rightPen lineWidth="1.0"/>
					</box>
					<textElement textAlignment="Center" verticalAlignment="Middle">
						<font isBold="true"/>
					</textElement>
					<text><![CDATA[Material]]></text>
				</staticText>
				<staticText>
					<reportElement uuid="0b7287a4-ac3b-4dd7-93a2-3c35a408bd7b" stretchType="RelativeToTallestObject" x="208" y="25" width="59" height="20"/>
					<box leftPadding="5">
						<topPen lineWidth="1.0"/>
						<leftPen lineWidth="1.0"/>
						<bottomPen lineWidth="1.0"/>
						<rightPen lineWidth="1.0"/>
					</box>
					<textElement textAlignment="Center" verticalAlignment="Middle">
						<font isBold="true"/>
					</textElement>
					<text><![CDATA[GRP]]></text>
				</staticText>
				<textField>
					<reportElement uuid="ce774d04-32d3-4726-a327-8605c6f1e33c" x="0" y="0" width="454" height="20"/>
					<box leftPadding="5">
						<topPen lineWidth="1.0"/>
						<leftPen lineWidth="1.0"/>
						<bottomPen lineWidth="1.0"/>
						<rightPen lineWidth="1.0"/>
					</box>
					<textElement verticalAlignment="Middle">
						<font fontName="Arial"/>
					</textElement>
					<textFieldExpression><![CDATA[""+$F{tipoequipamento}]]></textFieldExpression>
				</textField>
				<staticText>
					<reportElement uuid="0b7287a4-ac3b-4dd7-93a2-3c35a408bd7b" stretchType="RelativeToTallestObject" x="132" y="25" width="76" height="20"/>
					<box leftPadding="5">
						<topPen lineWidth="1.0"/>
						<leftPen lineWidth="1.0"/>
						<bottomPen lineWidth="1.0"/>
						<rightPen lineWidth="1.0"/>
					</box>
					<textElement textAlignment="Center" verticalAlignment="Middle">
						<font isBold="true"/>
					</textElement>
					<text><![CDATA[Entrega]]></text>
				</staticText>
				<staticText>
					<reportElement uuid="0b7287a4-ac3b-4dd7-93a2-3c35a408bd7b" stretchType="RelativeToTallestObject" x="267" y="25" width="63" height="20" printWhenGroupChanges="tipoequipamento">
						<printWhenExpression><![CDATA[$F{tipoequipamento}.equals(entity.mci.enumerator.EnumTipoEquipamento.CONSUMO)]]></printWhenExpression>
					</reportElement>
					<box leftPadding="5">
						<topPen lineWidth="1.0"/>
						<leftPen lineWidth="1.0"/>
						<bottomPen lineWidth="1.0"/>
						<rightPen lineWidth="1.0"/>
					</box>
					<textElement textAlignment="Center" verticalAlignment="Middle">
						<font isBold="true"/>
					</textElement>
					<text><![CDATA[Quantidade]]></text>
				</staticText>
			</band>
		</groupHeader>
		<groupFooter>
			<band height="31">
				<staticText>
					<reportElement uuid="0b175c06-e240-41d0-9bdc-7b341118cf12" x="0" y="0" width="378" height="20"/>
					<box leftPadding="5" rightPadding="10">
						<topPen lineWidth="1.0"/>
						<leftPen lineWidth="1.0"/>
						<bottomPen lineWidth="1.0"/>
						<rightPen lineWidth="1.0"/>
					</box>
					<textElement textAlignment="Right" verticalAlignment="Middle">
						<font isBold="true"/>
					</textElement>
					<text><![CDATA[Total:]]></text>
				</staticText>
				<textField pattern="¤ #,##0.00" isBlankWhenNull="true">
					<reportElement uuid="bd6bb3f9-7b63-4d0b-a10e-32121a4a5d44" x="378" y="0" width="76" height="20"/>
					<box leftPadding="5" rightPadding="5">
						<topPen lineWidth="1.0"/>
						<leftPen lineWidth="1.0"/>
						<bottomPen lineWidth="1.0"/>
						<rightPen lineWidth="1.0"/>
					</box>
					<textElement textAlignment="Right" verticalAlignment="Middle"/>
					<textFieldExpression><![CDATA[$V{totalValor}]]></textFieldExpression>
				</textField>
			</band>
		</groupFooter>
	</group>
	<background>
		<band splitType="Stretch"/>
	</background>
	<title>
		<band height="35">
			<staticText>
				<reportElement uuid="909e3020-94f8-4769-83bc-6ce4ddca32ef" x="0" y="3" width="454" height="20"/>
				<textElement textAlignment="Center">
					<font fontName="Arial" size="12" isBold="true"/>
				</textElement>
				<text><![CDATA[Anexo II]]></text>
			</staticText>
		</band>
	</title>
	<detail>
		<band height="20" splitType="Stretch">
			<textField isStretchWithOverflow="true" pattern="¤ #,##0.00">
				<reportElement uuid="e3a65337-a20c-48b2-89ae-b422271579ab" stretchType="RelativeToBandHeight" x="378" y="0" width="76" height="20"/>
				<box leftPadding="5" rightPadding="5">
					<topPen lineWidth="1.0"/>
					<leftPen lineWidth="1.0"/>
					<bottomPen lineWidth="1.0"/>
					<rightPen lineWidth="1.0"/>
				</box>
				<textElement textAlignment="Right" verticalAlignment="Middle"/>
				<textFieldExpression><![CDATA[$F{valor}]]></textFieldExpression>
			</textField>
			<textField isStretchWithOverflow="true">
				<reportElement uuid="75d5dfcf-da21-4d19-91e1-e4d85af83afd" stretchType="RelativeToBandHeight" x="330" y="0" width="48" height="20"/>
				<box leftPadding="5">
					<topPen lineWidth="1.0"/>
					<leftPen lineWidth="1.0"/>
					<bottomPen lineWidth="1.0"/>
					<rightPen lineWidth="1.0"/>
				</box>
				<textElement textAlignment="Center" verticalAlignment="Middle"/>
				<textFieldExpression><![CDATA[$F{estado}]]></textFieldExpression>
			</textField>
			<textField isStretchWithOverflow="true">
				<reportElement uuid="41c75ecb-10d3-4014-9a7f-65d6285939be" stretchType="RelativeToBandHeight" x="267" y="0" width="63" height="20"/>
				<box leftPadding="5">
					<topPen lineWidth="1.0"/>
					<leftPen lineWidth="1.0"/>
					<bottomPen lineWidth="1.0"/>
					<rightPen lineWidth="1.0"/>
				</box>
				<textElement textAlignment="Center" verticalAlignment="Middle"/>
				<textFieldExpression><![CDATA[$F{tipoequipamento}.equals(entity.mci.enumerator.EnumTipoEquipamento.PERMANENTE) ? $F{patrimonio}:$F{quantidade}.toString()]]></textFieldExpression>
			</textField>
			<textField isStretchWithOverflow="true">
				<reportElement uuid="7aaf3483-62e8-4c57-97af-8fd94220543c" stretchType="RelativeToBandHeight" x="0" y="0" width="132" height="20"/>
				<box leftPadding="5">
					<topPen lineWidth="1.0"/>
					<leftPen lineWidth="1.0"/>
					<bottomPen lineWidth="1.0"/>
					<rightPen lineWidth="1.0"/>
				</box>
				<textElement verticalAlignment="Middle"/>
				<textFieldExpression><![CDATA[""+$F{equipamento}.getNome()]]></textFieldExpression>
			</textField>
			<textField isStretchWithOverflow="true" pattern="">
				<reportElement uuid="41c75ecb-10d3-4014-9a7f-65d6285939be" stretchType="RelativeToBandHeight" x="208" y="0" width="59" height="20"/>
				<box leftPadding="5">
					<topPen lineWidth="1.0"/>
					<leftPen lineWidth="1.0"/>
					<bottomPen lineWidth="1.0"/>
					<rightPen lineWidth="1.0"/>
				</box>
				<textElement textAlignment="Center" verticalAlignment="Middle"/>
				<textFieldExpression><![CDATA[$F{codgrp}]]></textFieldExpression>
			</textField>
			<textField isStretchWithOverflow="true" pattern="dd/MM/yyyy">
				<reportElement uuid="41c75ecb-10d3-4014-9a7f-65d6285939be" stretchType="RelativeToBandHeight" x="132" y="0" width="76" height="20"/>
				<box leftPadding="5">
					<topPen lineWidth="1.0"/>
					<leftPen lineWidth="1.0"/>
					<bottomPen lineWidth="1.0"/>
					<rightPen lineWidth="1.0"/>
				</box>
				<textElement textAlignment="Center" verticalAlignment="Middle"/>
				<textFieldExpression><![CDATA[$F{dataentrega}]]></textFieldExpression>
			</textField>
		</band>
	</detail>
	<columnFooter>
		<band splitType="Stretch"/>
	</columnFooter>
	<pageFooter>
		<band height="21"/>
	</pageFooter>
</jasperReport>
