<?xml version="1.0" encoding="UTF-8"?>
<jasperReport xmlns="http://jasperreports.sourceforge.net/jasperreports" xmlns:xsi="http://www.w3.org/2001/XMLSchema-instance" xsi:schemaLocation="http://jasperreports.sourceforge.net/jasperreports http://jasperreports.sourceforge.net/xsd/jasperreport.xsd" name="relcidadao_equipsecr" pageWidth="524" pageHeight="802" columnWidth="524" leftMargin="0" rightMargin="0" topMargin="0" bottomMargin="0" uuid="752ad902-e11d-457d-8f1d-bca68d23a591">
	<property name="ireport.zoom" value="1.6105100000000008"/>
	<property name="ireport.x" value="0"/>
	<property name="ireport.y" value="0"/>
	<queryString language="hql">
		<![CDATA[select distinct es from EquipamentosSecretaria es
order by es.tipoequipamento desc]]>
	</queryString>
	<field name="cidadao" class="entity.mci.Cidadao"/>
	<field name="codgrp" class="java.lang.String"/>
	<field name="dataentrega" class="java.util.Date"/>
	<field name="equipamento" class="entity.mci.Equipamento"/>
	<field name="estado" class="java.lang.String"/>
	<field name="id" class="java.lang.Integer"/>
	<field name="patrimonio" class="java.lang.String"/>
	<field name="quantidade" class="java.lang.Integer"/>
	<field name="situacao" class="java.lang.String"/>
	<field name="tipoequipamento" class="entity.mci.enumerator.EnumTipoEquipamento"/>
	<field name="valor" class="java.lang.Double"/>
	<variable name="totalValor" class="java.lang.Double" resetType="Group" resetGroup="tipoequipamento" calculation="Sum">
		<variableExpression><![CDATA[$F{valor}]]></variableExpression>
	</variable>
	<variable name="totalgeral" class="java.lang.Double" calculation="Sum">
		<variableExpression><![CDATA[$F{valor}]]></variableExpression>
	</variable>
	<group name="cidadao">
		<groupExpression><![CDATA[$F{cidadao}]]></groupExpression>
		<groupHeader>
			<band/>
		</groupHeader>
		<groupFooter>
			<band height="20">
				<textField pattern="¤ #,##0.00">
					<reportElement x="448" y="0" width="76" height="15" uuid="f1acaab8-6117-4633-9f1f-52927829703b"/>
					<box rightPadding="5">
						<topPen lineWidth="1.0"/>
						<leftPen lineWidth="1.0"/>
						<bottomPen lineWidth="1.0"/>
						<rightPen lineWidth="1.0"/>
					</box>
					<textElement textAlignment="Right" verticalAlignment="Middle">
						<font fontName="Times New Roman" size="8"/>
					</textElement>
					<textFieldExpression><![CDATA[$V{totalgeral}]]></textFieldExpression>
				</textField>
				<staticText>
					<reportElement x="0" y="0" width="448" height="15" uuid="0b175c06-e240-41d0-9bdc-7b341118cf12"/>
					<box leftPadding="5" rightPadding="10">
						<topPen lineWidth="1.0"/>
						<leftPen lineWidth="1.0"/>
						<bottomPen lineWidth="1.0"/>
						<rightPen lineWidth="1.0"/>
					</box>
					<textElement textAlignment="Right" verticalAlignment="Middle">
						<font fontName="Times New Roman" size="8" isBold="true"/>
					</textElement>
					<text><![CDATA[Total Geral:]]></text>
				</staticText>
			</band>
		</groupFooter>
	</group>
	<group name="tipoequipamento">
		<groupExpression><![CDATA[$F{tipoequipamento}]]></groupExpression>
		<groupHeader>
			<band height="38">
				<textField>
					<reportElement x="0" y="0" width="524" height="14" uuid="ce774d04-32d3-4726-a327-8605c6f1e33c"/>
					<box leftPadding="5">
						<topPen lineWidth="1.0"/>
						<leftPen lineWidth="1.0"/>
						<bottomPen lineWidth="1.0"/>
						<rightPen lineWidth="1.0"/>
					</box>
					<textElement verticalAlignment="Middle">
						<font fontName="Times New Roman" size="8"/>
					</textElement>
					<textFieldExpression><![CDATA[""+$F{tipoequipamento}]]></textFieldExpression>
				</textField>
				<staticText>
					<reportElement stretchType="RelativeToTallestObject" x="448" y="25" width="76" height="13" uuid="4b7fa588-fb59-4904-aebb-84cca8b8ab19"/>
					<box leftPadding="5">
						<topPen lineWidth="1.0"/>
						<leftPen lineWidth="1.0"/>
						<bottomPen lineWidth="1.0"/>
						<rightPen lineWidth="1.0"/>
					</box>
					<textElement textAlignment="Center" verticalAlignment="Middle">
						<font fontName="Times New Roman" size="8" isBold="true"/>
					</textElement>
					<text><![CDATA[Valor]]></text>
				</staticText>
				<staticText>
					<reportElement stretchType="RelativeToTallestObject" x="400" y="25" width="48" height="13" uuid="df0c70ba-24f3-480b-b760-3685d22ebe84"/>
					<box leftPadding="5">
						<topPen lineWidth="1.0"/>
						<leftPen lineWidth="1.0"/>
						<bottomPen lineWidth="1.0"/>
						<rightPen lineWidth="1.0"/>
					</box>
					<textElement textAlignment="Center" verticalAlignment="Middle">
						<font fontName="Times New Roman" size="8" isBold="true"/>
					</textElement>
					<text><![CDATA[Estado]]></text>
				</staticText>
				<staticText>
					<reportElement stretchType="RelativeToTallestObject" x="337" y="25" width="63" height="13" uuid="0b7287a4-ac3b-4dd7-93a2-3c35a408bd7b">
						<printWhenExpression><![CDATA[$F{tipoequipamento}.equals(entity.mci.enumerator.EnumTipoEquipamento.PERMANENTE)]]></printWhenExpression>
					</reportElement>
					<box leftPadding="5">
						<topPen lineWidth="1.0"/>
						<leftPen lineWidth="1.0"/>
						<bottomPen lineWidth="1.0"/>
						<rightPen lineWidth="1.0"/>
					</box>
					<textElement textAlignment="Center" verticalAlignment="Middle">
						<font fontName="Times New Roman" size="8" isBold="true"/>
					</textElement>
					<text><![CDATA[Patrimônio]]></text>
				</staticText>
				<staticText>
					<reportElement stretchType="RelativeToTallestObject" x="0" y="25" width="202" height="13" uuid="b85ece4d-6698-41ae-9174-9ea8639b4834"/>
					<box leftPadding="5">
						<topPen lineWidth="1.0"/>
						<leftPen lineWidth="1.0"/>
						<bottomPen lineWidth="1.0"/>
						<rightPen lineWidth="1.0"/>
					</box>
					<textElement textAlignment="Center" verticalAlignment="Middle">
						<font fontName="Times New Roman" size="8" isBold="true"/>
					</textElement>
					<text><![CDATA[Material]]></text>
				</staticText>
				<staticText>
					<reportElement stretchType="RelativeToTallestObject" x="278" y="25" width="59" height="13" uuid="0b7287a4-ac3b-4dd7-93a2-3c35a408bd7b"/>
					<box leftPadding="5">
						<topPen lineWidth="1.0"/>
						<leftPen lineWidth="1.0"/>
						<bottomPen lineWidth="1.0"/>
						<rightPen lineWidth="1.0"/>
					</box>
					<textElement textAlignment="Center" verticalAlignment="Middle">
						<font fontName="Times New Roman" size="8" isBold="true"/>
					</textElement>
					<text><![CDATA[GRP]]></text>
				</staticText>
				<staticText>
					<reportElement stretchType="RelativeToTallestObject" x="202" y="25" width="76" height="13" uuid="0b7287a4-ac3b-4dd7-93a2-3c35a408bd7b"/>
					<box leftPadding="5">
						<topPen lineWidth="1.0"/>
						<leftPen lineWidth="1.0"/>
						<bottomPen lineWidth="1.0"/>
						<rightPen lineWidth="1.0"/>
					</box>
					<textElement textAlignment="Center" verticalAlignment="Middle">
						<font fontName="Times New Roman" size="8" isBold="true"/>
					</textElement>
					<text><![CDATA[Entrega]]></text>
				</staticText>
				<staticText>
					<reportElement stretchType="RelativeToTallestObject" x="337" y="25" width="63" height="13" printWhenGroupChanges="tipoequipamento" uuid="0b7287a4-ac3b-4dd7-93a2-3c35a408bd7b">
						<printWhenExpression><![CDATA[$F{tipoequipamento}.equals(entity.mci.enumerator.EnumTipoEquipamento.CONSUMO)]]></printWhenExpression>
					</reportElement>
					<box leftPadding="5">
						<topPen lineWidth="1.0"/>
						<leftPen lineWidth="1.0"/>
						<bottomPen lineWidth="1.0"/>
						<rightPen lineWidth="1.0"/>
					</box>
					<textElement textAlignment="Center" verticalAlignment="Middle">
						<font fontName="Times New Roman" size="8" isBold="true"/>
					</textElement>
					<text><![CDATA[Quantidade]]></text>
				</staticText>
			</band>
		</groupHeader>
		<groupFooter>
			<band height="24">
				<staticText>
					<reportElement x="0" y="0" width="448" height="15" uuid="0b175c06-e240-41d0-9bdc-7b341118cf12"/>
					<box leftPadding="5" rightPadding="10">
						<topPen lineWidth="1.0"/>
						<leftPen lineWidth="1.0"/>
						<bottomPen lineWidth="1.0"/>
						<rightPen lineWidth="1.0"/>
					</box>
					<textElement textAlignment="Right" verticalAlignment="Middle">
						<font fontName="Times New Roman" size="8" isBold="true"/>
					</textElement>
					<text><![CDATA[Total:]]></text>
				</staticText>
				<textField pattern="¤ #,##0.00" isBlankWhenNull="true">
					<reportElement x="448" y="0" width="76" height="15" uuid="bd6bb3f9-7b63-4d0b-a10e-32121a4a5d44"/>
					<box leftPadding="5" rightPadding="5">
						<topPen lineWidth="1.0"/>
						<leftPen lineWidth="1.0"/>
						<bottomPen lineWidth="1.0"/>
						<rightPen lineWidth="1.0"/>
					</box>
					<textElement textAlignment="Right" verticalAlignment="Middle">
						<font fontName="Times New Roman" size="8"/>
					</textElement>
					<textFieldExpression><![CDATA[$V{totalValor}]]></textFieldExpression>
				</textField>
			</band>
		</groupFooter>
	</group>
	<background>
		<band splitType="Stretch"/>
	</background>
	<pageHeader>
		<band height="21">
			<staticText>
				<reportElement x="0" y="0" width="524" height="20" uuid="909e3020-94f8-4769-83bc-6ce4ddca32ef"/>
				<textElement textAlignment="Center">
					<font fontName="Times New Roman" size="10" isBold="true"/>
				</textElement>
				<text><![CDATA[Anexo I]]></text>
			</staticText>
		</band>
	</pageHeader>
	<detail>
		<band height="15" splitType="Stretch">
			<textField isStretchWithOverflow="true" pattern="¤ #,##0.00">
				<reportElement stretchType="RelativeToBandHeight" x="448" y="0" width="76" height="15" uuid="e3a65337-a20c-48b2-89ae-b422271579ab"/>
				<box leftPadding="5" rightPadding="5">
					<topPen lineWidth="1.0"/>
					<leftPen lineWidth="1.0"/>
					<bottomPen lineWidth="1.0"/>
					<rightPen lineWidth="1.0"/>
				</box>
				<textElement textAlignment="Right" verticalAlignment="Middle">
					<font fontName="Times New Roman" size="8"/>
				</textElement>
				<textFieldExpression><![CDATA[$F{valor}]]></textFieldExpression>
			</textField>
			<textField isStretchWithOverflow="true">
				<reportElement stretchType="RelativeToBandHeight" x="400" y="0" width="48" height="15" uuid="75d5dfcf-da21-4d19-91e1-e4d85af83afd"/>
				<box leftPadding="5">
					<topPen lineWidth="1.0"/>
					<leftPen lineWidth="1.0"/>
					<bottomPen lineWidth="1.0"/>
					<rightPen lineWidth="1.0"/>
				</box>
				<textElement textAlignment="Center" verticalAlignment="Middle">
					<font fontName="Times New Roman" size="8"/>
				</textElement>
				<textFieldExpression><![CDATA[$F{estado}]]></textFieldExpression>
			</textField>
			<textField isStretchWithOverflow="true">
				<reportElement stretchType="RelativeToBandHeight" x="337" y="0" width="63" height="15" uuid="41c75ecb-10d3-4014-9a7f-65d6285939be"/>
				<box leftPadding="5">
					<topPen lineWidth="1.0"/>
					<leftPen lineWidth="1.0"/>
					<bottomPen lineWidth="1.0"/>
					<rightPen lineWidth="1.0"/>
				</box>
				<textElement textAlignment="Center" verticalAlignment="Middle">
					<font fontName="Times New Roman" size="8"/>
				</textElement>
				<textFieldExpression><![CDATA[$F{tipoequipamento}.equals(entity.mci.enumerator.EnumTipoEquipamento.PERMANENTE) ? $F{patrimonio}:$F{quantidade}.toString()]]></textFieldExpression>
			</textField>
			<textField isStretchWithOverflow="true">
				<reportElement stretchType="RelativeToBandHeight" x="0" y="0" width="202" height="15" uuid="7aaf3483-62e8-4c57-97af-8fd94220543c"/>
				<box leftPadding="5">
					<topPen lineWidth="1.0"/>
					<leftPen lineWidth="1.0"/>
					<bottomPen lineWidth="1.0"/>
					<rightPen lineWidth="1.0"/>
				</box>
				<textElement verticalAlignment="Middle">
					<font fontName="Times New Roman" size="8"/>
				</textElement>
				<textFieldExpression><![CDATA[""+$F{equipamento}.getNome()]]></textFieldExpression>
			</textField>
			<textField isStretchWithOverflow="true" pattern="">
				<reportElement stretchType="RelativeToBandHeight" x="278" y="0" width="59" height="15" uuid="41c75ecb-10d3-4014-9a7f-65d6285939be"/>
				<box leftPadding="5">
					<topPen lineWidth="1.0"/>
					<leftPen lineWidth="1.0"/>
					<bottomPen lineWidth="1.0"/>
					<rightPen lineWidth="1.0"/>
				</box>
				<textElement textAlignment="Center" verticalAlignment="Middle">
					<font fontName="Times New Roman" size="8"/>
				</textElement>
				<textFieldExpression><![CDATA[$F{codgrp}]]></textFieldExpression>
			</textField>
			<textField isStretchWithOverflow="true" pattern="dd/MM/yyyy">
				<reportElement stretchType="RelativeToBandHeight" x="202" y="0" width="76" height="15" uuid="41c75ecb-10d3-4014-9a7f-65d6285939be"/>
				<box leftPadding="5">
					<topPen lineWidth="1.0"/>
					<leftPen lineWidth="1.0"/>
					<bottomPen lineWidth="1.0"/>
					<rightPen lineWidth="1.0"/>
				</box>
				<textElement textAlignment="Center" verticalAlignment="Middle">
					<font fontName="Times New Roman" size="8"/>
				</textElement>
				<textFieldExpression><![CDATA[$F{dataentrega}]]></textFieldExpression>
			</textField>
		</band>
	</detail>
	<columnFooter>
		<band splitType="Stretch"/>
	</columnFooter>
	<pageFooter>
		<band height="21"/>
	</pageFooter>
</jasperReport>
