<?xml version="1.0" encoding="UTF-8"?>
<jasperReport xmlns="http://jasperreports.sourceforge.net/jasperreports" xmlns:xsi="http://www.w3.org/2001/XMLSchema-instance" xsi:schemaLocation="http://jasperreports.sourceforge.net/jasperreports http://jasperreports.sourceforge.net/xsd/jasperreport.xsd" name="relcooperativa_associados" pageWidth="455" pageHeight="842" columnWidth="455" leftMargin="0" rightMargin="0" topMargin="0" bottomMargin="0" uuid="8882d5b4-d445-4262-87d6-0d9143000087">
	<property name="ireport.zoom" value="1.6105100000000008"/>
	<property name="ireport.x" value="0"/>
	<property name="ireport.y" value="0"/>
	<queryString language="hql">
		<![CDATA[from CidAssociados]]>
	</queryString>
	<field name="associado" class="entity.mci.Cidadao"/>
	<field name="cidadao" class="entity.mci.Cidadao"/>
	<field name="datainc" class="java.util.Date"/>
	<field name="id" class="java.lang.Integer"/>
	<background>
		<band splitType="Stretch"/>
	</background>
	<title>
		<band height="35">
			<staticText>
				<reportElement uuid="49dff6e3-9887-4501-8c46-418c9eab73b4" x="0" y="3" width="452" height="20"/>
				<textElement textAlignment="Center">
					<font fontName="Arial" size="12" isBold="true"/>
				</textElement>
				<text><![CDATA[Anexo I]]></text>
			</staticText>
		</band>
	</title>
	<pageHeader>
		<band height="26">
			<staticText>
				<reportElement uuid="306627fb-bc89-43d3-b461-cb6081c89ea1" mode="Opaque" x="0" y="0" width="452" height="26" backcolor="#EDEDED"/>
				<box topPadding="1" leftPadding="5" bottomPadding="1" rightPadding="1">
					<topPen lineWidth="1.0"/>
					<leftPen lineWidth="1.0"/>
					<bottomPen lineWidth="1.0"/>
					<rightPen lineWidth="1.0"/>
				</box>
				<textElement verticalAlignment="Middle">
					<font size="12" isBold="true"/>
				</textElement>
				<text><![CDATA[Membros]]></text>
			</staticText>
		</band>
	</pageHeader>
	<columnHeader>
		<band height="15" splitType="Stretch">
			<staticText>
				<reportElement uuid="e446ce39-4d2b-4ba7-b49c-6d2a496e4a03" x="0" y="0" width="97" height="15"/>
				<box>
					<topPen lineWidth="1.0"/>
					<leftPen lineWidth="1.0"/>
					<bottomPen lineWidth="1.0"/>
					<rightPen lineWidth="1.0"/>
				</box>
				<textElement>
					<font fontName="SansSerif" size="10" isBold="true"/>
					<paragraph lineSpacing="1_1_2" firstLineIndent="2" leftIndent="2" rightIndent="2"/>
				</textElement>
				<text><![CDATA[CPF]]></text>
			</staticText>
			<staticText>
				<reportElement uuid="b8200925-f8a5-444f-ba9f-fd9590f31a20" x="97" y="0" width="113" height="15"/>
				<box>
					<topPen lineWidth="1.0"/>
					<leftPen lineWidth="1.0"/>
					<bottomPen lineWidth="1.0"/>
					<rightPen lineWidth="1.0"/>
				</box>
				<textElement>
					<font fontName="SansSerif" size="10" isBold="true"/>
					<paragraph lineSpacing="1_1_2" firstLineIndent="2" leftIndent="2" rightIndent="2"/>
				</textElement>
				<text><![CDATA[RG:]]></text>
			</staticText>
			<staticText>
				<reportElement uuid="4f3faa09-f785-46c1-a8ec-28236b205230" x="210" y="0" width="242" height="15"/>
				<box>
					<topPen lineWidth="1.0"/>
					<leftPen lineWidth="1.0"/>
					<bottomPen lineWidth="1.0"/>
					<rightPen lineWidth="1.0"/>
				</box>
				<textElement>
					<font fontName="SansSerif" size="10" isBold="true"/>
					<paragraph lineSpacing="1_1_2" firstLineIndent="2" leftIndent="2" rightIndent="2"/>
				</textElement>
				<text><![CDATA[Nome]]></text>
			</staticText>
		</band>
	</columnHeader>
	<detail>
		<band height="20" splitType="Stretch">
			<textField>
				<reportElement uuid="ae488cba-0ae2-4d11-abdc-e32653e71928" x="97" y="0" width="113" height="15" backcolor="#FFFFFF"/>
				<box leftPadding="5">
					<topPen lineWidth="1.0"/>
					<leftPen lineWidth="1.0"/>
					<bottomPen lineWidth="1.0"/>
					<rightPen lineWidth="1.0"/>
				</box>
				<textElement/>
				<textFieldExpression><![CDATA[$F{associado}.getRg()]]></textFieldExpression>
			</textField>
			<textField>
				<reportElement uuid="7fb149a1-a314-435a-9d82-7d493a70669a" x="210" y="0" width="242" height="15" backcolor="#FFFFFF"/>
				<box leftPadding="5">
					<topPen lineWidth="1.0"/>
					<leftPen lineWidth="1.0"/>
					<bottomPen lineWidth="1.0"/>
					<rightPen lineWidth="1.0"/>
				</box>
				<textElement/>
				<textFieldExpression><![CDATA[$F{associado}.getNome()]]></textFieldExpression>
			</textField>
			<textField>
				<reportElement uuid="85903fb1-234d-464c-ba31-24d5c8d3281d" x="0" y="0" width="97" height="15"/>
				<box leftPadding="5">
					<topPen lineWidth="1.0"/>
					<leftPen lineWidth="1.0"/>
					<bottomPen lineWidth="1.0"/>
					<rightPen lineWidth="1.0"/>
				</box>
				<textElement/>
				<textFieldExpression><![CDATA[$F{associado}.getCpf()]]></textFieldExpression>
			</textField>
		</band>
	</detail>
	<columnFooter>
		<band height="10" splitType="Stretch"/>
	</columnFooter>
</jasperReport>
